year,atmospheric_co2,cant_atlantic,cant_pacific,cant_indian,cant_arctic,cant_southern
1750,277.147,0.0,0.0,0.0,0.0,0.0
1751,277.188,0.0329400929939329,0.03182934371307959,0.0334375157355285,0.018960206366301944,0.025584726615602724
1752,277.229,0.06587430949286445,0.0636529967058639,0.06686919030210632,0.03791656006521593,0.0511643798297501
1753,277.263,0.09318115505394693,0.09003902803264607,0.09458858882581592,0.05363354196117638,0.07237292833759847
1754,277.304,0.12610462642831505,0.12185227559691703,0.1280095827662857,0.07258285167346717,0.09794330534614393
1755,277.351,0.16383894364117296,0.1583141255808736,0.16631427401753154,0.09430049636158411,0.1272494533734348
1756,277.389,0.19434190137194632,0.18778845830451865,0.19727841898831686,0.11185574690561427,0.1509389179944458
1757,277.442,0.23687708280690897,0.22888924467320804,0.2404568855956174,0.1363351846696093,0.1839722212229171
1758,277.489,0.2745887606068221,0.2653291710128243,0.27873907281143573,0.15803799124572573,0.21325882733440513
1759,277.54,0.3155012261130447,0.3048619264934668,0.3202706537262465,0.18158213288231245,0.2450303870096507
1760,277.605,0.3676314195503943,0.35523408159472764,0.3731899941291336,0.21158075870793022,0.285512206289049
1761,277.664,0.4149368461295546,0.40094415340869355,0.4212117991744149,0.23880192724842764,0.32224623952947606
1762,277.732,0.46944331250684257,0.4536123814506525,0.47654401141974057,0.2701656224134884,0.36457078825958045
1763,277.796,0.5207288082365663,0.5031682355853955,0.5286067669344372,0.29967475921458864,0.40439296574538175
1764,277.859,0.5711990450135449,0.5519362966863168,0.5798422012250574,0.3287136956268153,0.44358090774015185
1765,277.913,0.6144482584295554,0.5937268498948192,0.6237473631723035,0.3535970146258368,0.4771610901392643
1766,277.958,0.6504815236332315,0.6285448098772053,0.6603272978672671,0.3743280407239182,0.5051378922778991
1767,278.017,0.6977144733566033,0.6741846966784978,0.7082770548903731,0.40150173531533767,0.5418093874198332
1768,278.078,0.746535822625037,0.7213593830738372,0.7578395848591332,0.4295882443815863,0.5797130126074241
1769,278.135,0.7921440915632779,0.7654293364285293,0.8041405011247993,0.45582536714647093,0.6151210778578343
1770,278.194,0.8393407704589766,0.8110340994798889,0.8520542004711475,0.48297531253824405,0.651761283206033
1771,278.27,0.9001186908849511,0.8697619794555386,0.9137558447403971,0.5179364696212024,0.6989434806337607
1772,278.334,0.951284559095072,0.919201989262571,0.965699676527391,0.547367272582494,0.7386624550442609
1773,278.412,1.013623763114164,0.9794384105610978,1.0289871357109968,0.5832234981416954,0.7870533974461872
1774,278.491,1.0767407013115693,1.0404262868984981,1.0930646113636449,0.6195253569242284,0.8360462062770289
1775,278.586,1.1526121985847309,1.113738425137406,1.1700913516812141,0.6631607636327947,0.894936930150845
1776,278.683,1.2300487681488586,1.188562773693914,1.2487076720637573,0.7076937274673197,0.9550396737411451
1777,278.774,1.3026658676747533,1.2587301685883698,1.3224317192472448,0.7494527240411992,1.0113992181877023
1778,278.866,1.3760518682293787,1.329640464910472,1.3969369995904337,0.7916515828803569,1.0683530191939046
1779,278.959,1.450205835981106,1.4012927584075625,1.4722225842375631,0.8342896956919716,1.1259002737017505
1780,279.054,1.5259236959959137,1.4744561196831305,1.5490965739725442,0.8778246045901527,1.1846585392649642
1781,279.145,1.598424250208906,1.5445106563860014,1.622704745958543,0.919507381458162,1.24091761654282
1782,279.243,1.6764698547692758,1.6199230980447887,1.701943352041079,0.9643756603220845,1.3014768082744395
1783,279.34,1.7536865056604254,1.6945344855986855,1.7803410166232858,1.008764809085841,1.3613899803434322
1784,279.434,1.8284841191657102,1.7668083884735,1.8562832932716786,1.0517609056688135,1.4194235459269013
1785,279.532,1.9064322557147169,1.8421264462614895,1.9354249855162515,1.0965654797385507,1.4798987468593705
1786,279.629,1.9835525015200666,1.9166444793644621,2.013726791723876,1.1408916271697211,1.539728851092588
1787,279.729,2.063024083282749,1.993434438105132,2.094416667831825,1.1865665867838815,1.6013802292588333
1788,279.831,2.144049743765721,2.0717259619517843,2.1766851874661737,1.2331319518799857,1.6642341807453136
1789,279.933,2.2250397275641434,2.149982938255848,2.2589182306118523,1.2796740151225872,1.7270574017749454
1790,280.037,2.3075810447672525,2.2297388213366207,2.342727186276017,1.3271046975258673,1.79108083684256
1791,280.141,2.390085327892472,2.309458842545701,2.426499314525434,1.3745111985811809,1.8550723779285676
1792,280.241,2.4693814704711756,2.3860789148767063,2.507014733162813,1.420071588813502,1.9165726534190888
1793,280.332,2.541511247219575,2.455774408259442,2.5802542160341133,1.461512148397069,1.9725123195362826
1794,280.415,2.607275272288201,2.5193189339269924,2.647030527238087,1.4992934787309182,2.0235129701410473
1795,280.4919999,2.6682641577889545,2.5782494343316023,2.708958636532398,1.5343298559635579,2.0708086561805894
1796,280.5549999,2.718149169176444,2.626450786747959,2.7596121877164532,1.5629861989956726,2.1094922201599515
1797,280.6229999,2.7719781152635847,2.678462931139552,2.8142707524171104,1.5939069419038707,2.1512328296644254
1798,280.6819999,2.8186698680655016,2.723578745717199,2.861682391531171,1.6207268997040227,2.187437951263401
1799,280.7529999,2.874842520913939,2.7778554284844317,2.918721434476491,1.652991504278397,2.2309932892493904
1800,280.8339999,2.9389058464119007,2.839756409766259,2.9837732915879247,1.689786741894634,2.280665134801801
1801,280.9189999,3.0061087758851732,2.904690973042728,3.0520137001894163,1.7283833641263042,2.332769241620544
1802,280.9939999,3.065385064687584,2.9619664086385993,3.1122055229689933,1.7624258947797649,2.3787258864591125
1803,281.0729999,3.127802071422142,3.0222765049607503,3.1755870046026153,1.798270539717477,2.427115753769114
1804,281.1569999,3.1941462563950687,3.08638116748157,3.2429568333869208,1.8363686643895876,2.478548252677849
1805,281.2339999,3.254940706687387,3.145123388870731,3.3046915711153817,1.8712782208212881,2.5256765968505417
1806,281.3219999,3.324395435361639,3.2122334934907735,3.3752210470704407,1.9111587934147785,2.579516360802304
1807,281.4089999,3.3930350818375508,3.2785559771984514,3.4449233669086423,1.950569346642473,2.6327220941586638
1808,281.4959999,3.4616490681595753,3.3448536134270705,3.5146001644933036,1.989963177628142,2.685905754956571
1809,281.5659999,3.5168371058108887,3.3981785107839078,3.5706434374713227,2.0216472318639416,2.7286811923036964
1810,281.6479999,3.581464846969565,3.4606243845598303,3.636273138626817,2.058749088985782,2.7787714117780324
1811,281.7179999,3.6366168648224946,3.5139144029865457,3.6922805843110984,2.090409676356109,2.8215158706007646
1812,281.7899999,3.6933273628086334,3.5687102492786007,3.749871043048784,2.1229635881176594,2.86546672943183
1813,281.8579999,3.7468711845728824,3.6204462986463044,3.8042460244255993,2.153698467339115,2.906962035395581
1814,281.9309999,3.8043346612561266,3.675969629376574,3.8626018676838574,2.186681938100638,2.9514935132361404
1815,281.9919999,3.852338283096394,3.7223524706407574,3.9113512388149227,2.2142344793073945,2.9886928794973247
1816,282.0589999,3.9050490968956932,3.773283541395461,3.964881230819349,2.244487680736916,3.0295387541994194
1817,282.1269999,3.9585311512803316,3.8249597800574913,4.019194771674001,2.275182338519998,3.0709809536938937
1818,282.1999999,4.0159283525735106,3.880418934939869,4.077484689555235,2.308122656624757,3.115455452610457
1819,282.2719999,4.072521694867141,3.9351013368679544,4.134958611920598,2.340600283317871,3.1593055862561576
1820,282.3459999,4.130668874557476,3.9912850711311205,4.194010927693406,2.3739682202238765,3.204358135457617
1821,282.4149999,4.184870577871666,4.043656520600907,4.249056696198395,2.4050707547683574,3.2463523147732887
1822,282.4769999,4.23355988953199,4.0907016894073065,4.298504514646747,2.433009065058261,3.2840744680007568
1823,282.5399999,4.2830212663773874,4.138492824675786,4.34873670132814,2.4613893738914747,3.3223936592041774
1824,282.6179999,4.344240671136901,4.19764489717906,4.410910538298813,2.4965148685656717,3.3698205776682393
1825,282.6759999,4.389749537260738,4.241616936262048,4.457129179275055,2.522625202503723,3.405075357471533
1826,282.6929999,4.403086201065639,4.254503218629819,4.470673891644936,2.5302768381209435,3.4154068146459395
1827,282.6929999,4.403086201065639,4.254503218629819,4.470673891644936,2.5302768381209435,3.4154068146459395
1828,282.7079999,4.41485303945509,4.265872687178657,4.482624306475009,2.5370277569131217,3.424522113598586
1829,282.7609999,4.456423150198924,4.306038949583397,4.524843085309171,2.5608770669060528,3.4567243036074884
1830,282.8249999,4.5066084504706705,4.354529435074725,4.575811747895356,2.5896680581477045,3.495599167627371
1831,282.8909999,4.558347645366216,4.404521308434543,4.628358859490565,2.619349404970782,3.535676502926683
1832,282.9219999,4.582644345056033,4.427997456320845,4.653035061199603,2.633287363766099,3.5544963730993513
1833,282.9659999,4.61712445040683,4.461313082843449,4.6880538430557435,2.6530666750267327,3.581203693738243
1834,283.0279999,4.665699038128301,4.508247163127637,4.737387531564412,2.6809303600589995,3.6188272739558482
1835,283.0859999,4.711128120469063,4.552141946787152,4.783526800292771,2.706988806031762,3.6540135096737534
1836,283.1489999,4.7604607367883025,4.599808401901377,4.833630891364471,2.735285369905708,3.692222076032547
1837,283.1979999,4.798821362481111,4.636873415608201,4.872591599962453,2.7572878360974427,3.7219319590805546
1838,283.2529999,4.841869636105047,4.678467734248823,4.916313484904916,2.7819782599459075,3.7552715663110527
1839,283.3109999,4.887255034523706,4.72232021852249,4.962409292967473,2.808008308439561,3.7904202823715014
1840,283.3819999,4.942797708758968,4.775986879789671,5.018821684524147,2.8398627253947613,3.8334340079808538
1841,283.4669999,5.009270300767778,4.840214243156322,5.086335599940438,2.8779838946521092,3.884910284835346
1842,283.5279999,5.0569592857944095,4.886292417967535,5.13477196302793,2.905331773752536,3.9218393106001725
1843,283.5659999,5.086660897445332,4.91499077316588,5.164939186224593,2.9223640766144983,3.944838884696224
1844,283.6089999,5.12026480299801,4.947459599105358,5.1990699973629955,2.9416336952988105,3.9708597276088793
1845,283.7249999,5.210886432072947,5.035020128287581,5.291113201272614,2.993596864889912,4.041029074660614
1846,283.8469999,5.306146983023642,5.1270627810835725,5.387869100145859,3.0482163435488,4.114786317035366
1847,283.9359999,5.375609055156581,5.1941783618366175,5.458422197603969,3.0880413854461377,4.168565978639995
1848,284.0679999,5.478582901635145,5.293673558208725,5.563014436491814,3.1470762118060733,4.2482873987398
1849,284.2069999,5.586954841621072,5.398384360338199,5.673090904458204,3.2092010036135146,4.332182709823107
1850,284.3169999,5.672671302398967,5.481204960693123,5.760156497871978,3.258334968503017,4.398535632221211
1851,284.4509998,5.777035186657617,5.582042884024166,5.8661641377790685,3.3181538032857003,4.479318928031299
1852,284.5979998,5.891455509513165,5.692597344517487,5.982388023434329,3.3837315565955475,4.567880704961183
1853,284.7309998,5.994916962923462,5.792563069523578,6.087481573990009,3.4430237831080546,4.647955101450396
1854,284.8459998,6.084328909525421,5.878953890934311,6.178304962730006,3.494260878257233,4.717151871656943
1855,284.9409998,6.158157959146178,5.950288274879081,6.253300146710413,3.5365657765560763,4.774286123803096
1856,285.0489998,6.242053701000779,6.031349124915589,6.338521774794462,3.584636272557045,4.839207676577744
1857,285.2039998,6.362392318343719,6.147621282529197,6.460763609427501,3.653582697216566,4.932324410234001
1858,285.3689998,6.490407626410024,6.271310541299752,6.5908053416949555,3.726920824587385,5.031374003495264
1859,285.5449998,6.626858411686009,6.403150010745306,6.729418119054801,3.8050840818962017,5.136942138340398
1860,285.7389997,6.7771462060078544,6.548358627115554,6.882089578856277,3.8911647420052775,5.25320571894586
1861,285.9329997,6.92731039060243,6.693447555581892,7.034638015054592,3.9771653299991967,5.36936335836929
1862,286.0999997,7.056476502881067,6.81824790108401,7.165857015234612,4.051132698022247,5.46926995498841
1863,286.2709997,7.188641685372301,6.94594575362114,7.300124699472606,4.126810411292747,5.571488365391441
1864,286.4419997,7.320711133696633,7.073550910194852,7.434297094719811,4.202426160122689,5.673624767736703
1865,286.6139996,7.453456382980867,7.201808824756649,7.569158033731198,4.278421644172851,5.776275783353185
1866,286.7809996,7.582250383939699,7.3262488686248535,7.700006648244368,4.352148189881258,5.875863644137628
1867,286.9549996,7.71634616041806,7.455811258723478,7.836243602498573,4.4289024760195606,5.979542982361121
1868,287.1049996,7.831866791937177,7.567426311955459,7.953610437202452,4.495018765226148,6.068853937268253
1869,287.2249996,7.924230568774533,7.656667300118181,8.047451415367306,4.547877706906663,6.140257564387231
1870,287.3549996,8.024238485960895,7.753293873865803,8.149059872243013,4.605107404177957,6.217566265607317
1871,287.4939995,8.13110921403431,7.856551096515517,8.257642218061871,4.666259860185234,6.300175067201113
1872,287.6639995,8.261729274845138,7.982754465586634,8.390356006690677,4.740995609706175,6.40113454465643
1873,287.8599995,8.41221025458372,8.128146951538481,8.543251448062028,4.827086424571228,6.517435404639148
1874,288.0609995,8.566400876219717,8.277123372549044,8.699918695050599,4.915290019351724,6.636592631914968
1875,288.2909994,8.742677615980519,8.447438704993443,8.87903008549903,5.016116021606729,6.772804605118228
1876,288.5199994,8.918018396095563,8.616849381790384,9.057193931215547,5.116394216066084,6.908279362887938
1877,288.7519994,9.09548391191632,8.788312580722588,9.237520240163635,5.217874920436563,7.045381579159544
1878,288.9929994,9.279650521011595,8.966249849051032,9.424659406945226,5.323174112940532,7.187645687858121
1879,289.2209994,9.45371112744596,9.134422592593008,9.601532955389649,5.422682546926415,7.322089050511201
1880,289.4699993,9.643613159962541,9.31790051143573,9.794507817967846,5.5312334565587955,7.468752605094499
1881,289.7369993,9.847022666792604,9.514428514042605,10.00121320973631,5.64748940066873,7.625830062211264
1882,290.0189993,10.061612395665907,9.721757996242362,10.21928500930336,5.770117291772089,7.791520890801575
1883,290.2629992,10.247081090042407,9.900951281243724,10.40776739708154,5.876089059504582,7.934709803804366
1884,290.5119992,10.436155100664795,10.083627495271068,10.599917652161068,5.984106679078645,8.080666197584279
1885,290.7969992,10.652323366726758,10.292480667659992,10.819607894075329,6.107585748855675,8.24751837634844
1886,291.0999992,10.88186191542422,10.514251097412785,11.052891984728166,6.2386818196998055,8.424667556425502
1887,291.4139991,11.11942697911067,10.743775780072795,11.294339773802767,6.374340050514583,8.607986354750793
1888,291.7629991,11.38310708296811,10.998530894768116,11.562336814536712,6.524884749676535,8.811427335374729
1889,292.1129991,11.647157469474783,11.253642973056385,11.830717988666994,6.675613335945565,9.015122750780217
1890,292.457999,11.907058980397947,11.50474585069528,12.094889846785907,6.823946777340321,9.215587105580981
1891,292.815999,12.176359586042192,11.764928825548319,12.368623188903026,6.977616545593136,9.423269173723147
1892,293.1669989,12.440005456168176,12.019647723958194,12.636616557095257,7.128032025236438,9.626558956202935
1893,293.4769989,12.672535603421483,12.244303818897205,12.872987540345811,7.260672762728126,9.805830534910436
1894,293.7909989,12.90776127822841,12.47156354454908,13.112104706725034,7.394829615666749,9.987155718724157
1895,294.0789989,13.123240479051237,12.679744966523936,13.331154129981776,7.517705494336421,10.153237570340044
1896,294.3649988,13.336968860750584,12.886234349290222,13.548428832393343,7.639565144877884,10.317949548325322
1897,294.6459988,13.546714428332791,13.088875316463344,13.761659577869302,7.759136716316597,10.479572376899078
1898,294.9539987,13.7763334495345,13.310716006828033,13.995099609759384,7.8900181951493735,10.656486601546346
1899,295.2999986,14.033933646383874,13.559589306396672,14.256993419187275,8.036824529522738,10.85493158559457
1900,295.6749984,14.312709184503944,13.828919735199001,14.540423822102532,8.195669869109762,11.069656064983866
1901,296.006998,14.559158581736376,14.067018527840627,14.79099550404987,8.33607099763972,11.25945294838938
1902,296.3249974,14.794899355913172,14.294770906024228,15.03068575057435,8.470349667880626,11.44097771043446
1903,296.6539968,15.03846999464402,14.530087167483979,15.27834351337386,8.609065911510964,11.628505820280957
1904,296.9539963,15.260283696174914,14.744383234042612,15.503884978415249,8.735371621674533,11.799260207246006
1905,297.2889957,15.50765256182719,14.98336770626986,15.755417512607682,8.8762069063096,11.989661626345537
1906,297.6619951,15.782681088030909,15.249073528118982,16.03508322401566,9.032762445350668,12.201321227252047
1907,298.0979945,16.1036291814758,15.5591412982458,16.361453323198557,9.215420700375828,12.448278067823985
1908,298.517994,16.412257633763005,15.85730598052234,16.675306398947708,9.39103086963865,12.685712759806794
1909,298.9359935,16.718890095999644,16.15354128751674,16.987140117690952,9.565469771320593,12.921570519558504
1910,299.3769929,17.041827085788388,16.465527136334384,17.315566152822726,9.749145901010076,13.169924991616641
1911,299.8289923,17.372216293724396,16.784711281618435,17.651582979471847,9.93702019524196,13.423963390223157
1912,300.3529917,17.754472495707347,17.15400184049436,18.040365279389256,10.154337583119217,13.71782318856842
1913,300.9099911,18.159908765190966,17.54568444149411,18.452740974413203,10.384773755544193,14.029433091722765
1914,301.4189908,18.529604238224135,17.902837083109045,18.828779898615746,10.59484300850431,14.313511028794855
1915,301.9369903,18.905052810645312,18.265546072090757,19.21068601162202,10.808129694046121,14.601948967567038
1916,302.4849897,19.30138805135928,18.648431301479626,19.61385482763927,11.033225574234713,14.9063667743721
1917,303.0109891,19.68098583280864,19.015145428208807,20.000013753923024,11.248761619232775,15.197865132120898
1918,303.4489886,19.996461378213656,19.3199124214884,20.32095414151309,11.427849003142546,15.44007579301819
1919,303.8139883,20.25893186013114,19.573472717199017,20.58797958816704,11.576819202251093,15.641558387318028
1920,304.2459877,20.56908277229268,19.873093826738433,20.903522637260977,11.752819175455844,15.879604108072165
1921,304.5999873,20.82283214172136,20.118227460721677,21.161691396010617,11.89678736438562,16.074329991485772
1922,304.9449868,21.0697825298448,20.35679227498148,21.41294951522867,12.036875784759781,16.263811825998403
1923,305.2709861,21.30281797352136,20.58191402457697,21.65005606871109,12.169050529099854,16.44259291764289
1924,305.6299855,21.55909014352072,20.82948270175489,21.910812134115545,12.314382379190283,16.639173999412332
1925,305.812985,21.6895825167326,20.955543023480093,22.043590434355917,12.388375530464145,16.739261201815463
1926,305.9539845,21.790060413314542,21.05260815302621,22.145829738208082,12.44534541685332,16.816322442285916
1927,306.1769839,21.948856470815677,21.2060104175204,22.307411781066232,12.53537373481437,16.93810183633684
1928,306.3289833,22.057012693703836,21.310492759566642,22.417467115347403,12.596687012209008,17.021039791938296
1929,306.4949827,22.175055500609645,21.424525706811984,22.53758408581921,12.66360020353222,17.11155342690359
1930,306.6199824,22.263891488367566,21.510343874830653,22.627982036347344,12.713954091429338,17.17966774684604
1931,306.8219821,22.407356658558616,21.648935248921795,22.773971503093776,12.795266904934692,17.289661475019393
1932,307.0929818,22.599645320575792,21.834691125035334,22.969647032367067,12.90424033869854,17.437074077640425
1933,307.4019813,22.818642822251846,22.046247937950703,23.192506733665248,13.028334236298337,17.604943083027237
1934,307.7849806,23.089711405486106,22.308105919960074,23.468363051181736,13.181910552535069,17.81269810366093
1935,308.22698,23.402022982916503,22.60980449397882,23.786200708480823,13.358821436694365,18.052024311659448
1936,309.0119793,23.95534023344591,23.144316202324944,24.349334404626976,13.672167706508871,18.475933133855722
1937,309.7639786,24.4837793247994,23.654792110852707,24.88717954507618,13.971325841345145,18.880661440438928
1938,310.2939782,24.855269918092546,24.013652803575212,25.26530064103175,14.181574948647603,19.16511337355065
1939,310.8509776,25.244845311895144,24.389981808283064,25.66184534349446,14.402008263888119,19.463350561991444
1940,311.3569769,25.59800665070981,24.731133460039715,26.02133872131679,14.601792429091233,19.73365612582569
1941,311.8109763,25.914274177704378,25.03664474737247,26.343288213666387,14.780669510731498,19.975679242821425
1942,312.1719757,26.165351304556957,25.27918196785116,26.598883790201317,14.922651442415072,20.167785738338306
1943,312.3899752,26.31679816442451,25.42547731632786,26.753059409718066,15.008282976049383,20.283649452156283
1944,312.4129748,26.332768673410214,25.44090456876338,26.769317818198388,15.017312615567498,20.295867057495084
1945,312.3849746,26.313325646040468,25.42212291956403,26.74952429606784,15.006319621475505,20.280992925417692
1946,312.389974,26.316797331128257,25.425476511377266,26.753058561400785,15.008282504905957,20.283648814673274
1947,312.4859732,26.383447863846097,25.489859825382766,26.82091078139399,15.045965784140037,20.33463646008912
1948,312.5209725,26.407740982907164,25.51332656502558,26.84564201630984,15.059700399973314,20.353220230861734
1949,312.6319721,26.484763984751353,25.587729431035648,26.924054514369757,15.103245622281282,20.412139724509135
1950,312.8209713,26.615833724755504,25.714340345365414,27.057490221617087,15.17734174637618,20.512397109863308
1951,313.0139706,26.749576909826555,25.84353356177072,27.193649537140757,15.252943240003386,20.61469207843048
1952,313.34197,26.976638623618694,26.062870139957386,27.424817625185806,15.381281434723636,20.788345713103997
1953,313.7299694,27.244858371457855,26.321963731953417,27.697895218663533,15.532860355778254,20.9934488188423
1954,314.0949688,27.496805664705324,26.5653378145072,27.954412673764075,15.67522127464375,21.186081443075196
1955,314.414968,27.717394146283397,26.77841958108449,28.17900807888262,15.799845722062567,21.354716288116155
1956,314.6979672,27.91224658413036,26.966640665091333,28.377404291398832,15.909916758120465,21.503659752761696
1957,314.9919665,28.114444260217468,27.161956566106568,28.583283630022535,16.024123736930264,21.658201245008783
1958,315.3449659,28.356912008982587,27.39617135772015,28.830172059696306,16.161058524819843,21.84349923773734
1959,315.98,28.792261853381735,27.816701424596815,29.273475000811533,16.40687564110452,22.176140151763047
1960,316.91,29.42788266758241,28.430681271129863,29.92074387986076,16.765662490939132,22.661663486236833
1961,317.64,29.925200440934066,28.91106377547018,30.427205293925343,17.046289925007606,23.04142749728207
1962,318.45,30.475369977877307,29.442495100967818,30.987520880305095,17.35664727951819,23.461432551772525
1963,318.99,30.84119042045488,29.79585423177717,31.360105479286897,17.562957091625798,23.74063527926038
1964,319.62,31.26701518504253,30.207171845072146,31.793821798426546,17.80305324365317,24.065566135458006
1965,320.04,31.550322546700595,30.480826286721122,32.08239017867537,17.962760658805678,24.28170654049262
1966,321.37,32.44443908425657,31.344472485380223,32.993166194766665,18.466629803689372,24.96363147812446
1967,322.18,32.986736914638456,31.868285236173605,33.545609462288986,18.77211319533418,25.377074170615796
1968,323.05,33.56732896270098,32.429083316947114,34.137097740852745,19.09906674423714,25.819581055245088
1969,324.62,34.610181271877,33.436372688541944,35.1996107866333,19.686075778306158,26.61406790033278
1970,325.68,35.31074578628504,34.11304015926784,35.91344702473878,20.080228913974963,27.147543024160914
1971,326.32,35.73236127454852,34.52027128855016,36.34307450095493,20.31736773944414,27.468506604260885
1972,327.46,36.48082992022077,35.24319947463912,37.10581209360289,20.738215064598954,28.038121102782704
1973,329.68,37.92913811256851,36.64206884095334,38.58189680243386,21.552096834133362,29.139716896906222
1974,330.19,38.26014766053994,36.96177598997877,38.91928523244408,21.73802290291548,29.391370651453713
1975,331.13,38.86858267688261,37.549432748935764,39.539474993085165,22.079694837472253,29.853829245581718
1976,332.03,39.44911870343459,38.110139537127765,40.13126244373063,22.405601186864807,30.294948799550074
1977,333.84,40.61073832167768,39.23207102364176,41.31549983323897,23.057435536488683,31.17721429350161
1978,335.41,41.61200184073981,40.19911346976245,42.33637009949619,23.61898590057947,31.937272778352007
1979,336.85,42.525240154328934,41.08112979792072,43.26758092813596,24.13092883382958,32.6301791567832
1980,338.91,43.82325372375079,42.33475115744769,44.5912856801955,24.858183300618627,33.61448688276125
1981,340.11,44.57485126583609,43.06063570471484,45.357837582040034,25.27908685341625,34.18414872697186
1982,340.85,45.03668879948028,43.50667025315565,45.82889255170148,25.537648416701124,34.534087097128925
1983,342.53,46.080553279810005,44.514807750319854,46.89366997717658,26.121858248661425,35.32474146720864
1984,344.07,47.03182548375147,45.43351185986192,47.86409557321262,26.654007800339496,36.04491447686447
1985,345.54,47.934905554365706,46.30566482450495,48.78544260480851,27.158990320229492,36.728297150183366
1986,346.97,48.80881198367869,47.14963496594398,49.677103391513995,27.647470119318303,37.38932177547916
1987,348.68,49.847932221106795,48.15314883362727,50.73743330265606,28.228060001625348,38.174956583542944
1988,351.16,51.3436692982683,49.59761306105656,52.26388770323002,29.063332883702394,39.3051436276677
1989,352.79,52.3195594876479,50.54003764269184,53.25993804897103,29.608029527850945,40.04210531616749
1990,354.06,53.076002357061874,51.270533364188665,54.032071866643484,30.030094835453312,40.61311777041038
1991,355.4,53.870454029295864,52.037727640418616,54.84306302402248,30.473232858513757,41.21260750439432
1992,356.09,54.278071182020305,52.431356995931175,55.25919008913408,30.700545292135693,41.52010888958365
1993,356.83,54.71412419808724,52.85244447734579,55.70436452993675,30.943676209668443,41.84899863191972
1994,358.33,55.594537748946344,53.70263576287826,56.60325079529655,31.43444857717236,42.51284554782329
1995,360.18,56.67401788747062,54.74504913320459,57.70548242626647,32.03596994373551,43.326432407100405
1996,361.93,57.688743581153965,55.72492047471321,58.74169677758673,32.601195038141455,44.09085684454659
1997,363.04,58.3291720535481,56.34334563722419,59.3957381125557,32.95782440784731,44.57313444297667
1998,365.7,59.853899643640574,57.81567074659688,60.95303194799372,33.80657122325061,45.720791487134115
1999,367.79,61.04211886449815,58.96303604350638,62.1667822962558,34.46770213291551,46.61463238068584
2000,368.96,61.703578966196325,59.601747184403095,62.84251257038778,34.83563270839741,47.112019400661644
2001,370.56,62.60386285815619,60.47106123114993,63.76228466590459,35.336284831077805,47.78876527291682
2002,372.58,63.73347902595886,61.561806711629856,64.91645997197921,35.96427667826192,48.63753652960385
2003,375.14,65.1539914214621,62.933419956991,66.36802332600124,36.753694074920936,49.704312805947396
2004,376.94,66.14546170572825,63.89074804558199,67.38127592616699,37.30449517297371,50.44851639762913
2005,378.98,67.2619017761447,64.96873048503876,68.52235116960506,37.924546750652404,51.28616297647148
2006,381.15,68.44115468036007,66.10734832215212,69.72774791298316,38.57929036539645,52.170527842850845
2007,382.9,69.38597727981715,67.01960377139329,70.69360740487107,39.10373685902296,52.87878530764532
2008,385.02,70.52324462344488,68.11765863035161,71.85630238522194,39.73485027486434,53.73095419325581
2009,386.5,71.31248066957826,68.87967451262132,72.66325217725888,40.172732987940904,54.32211733508321
2010,388.75,72.50500070564935,70.03105357198025,73.88264168173485,40.83422507187909,55.215013308855106
2011,390.62,73.48945536345467,70.98153462935818,74.88937177082902,41.380182395747184,55.95181659132294
2012,392.65,74.55137224578694,72.00679386135909,75.97541149450271,41.968983268254654,56.74629125475081
2013,395.4,75.97882564437768,73.38495356194603,77.43544495762114,42.76028699394193,57.8137526331643
2014,397.34,76.97823637837621,74.34984004298431,78.45777013657623,43.31419521723862,58.56079105045708
2015,399.65,78.16016656347821,75.49092822208706,79.6669091632013,43.96915307868149,59.44391491743288
2016,403.07,79.8941098582062,77.16492973488424,81.44098191911542,44.92981185092476,60.73883439458158
2017,405.22,80.97456469130292,78.20801881392086,82.54656900489833,45.528314317875214,61.54533450685891
2018,407.61,82.16705481445514,79.35925547439264,83.76690927010256,46.18879668725321,62.43512216910486
2019,410.07,83.38515995216466,80.5352068274789,85.01358285649634,46.86339035045114,63.343660539354445
2020,412.44,84.54987911574852,81.65960633610128,86.20573080724085,47.50835753219728,64.2120447354617
2021,414.7,85.6525755598077,82.72411822654809,87.33449572629341,48.11893408954637,65.03389003379694
2022,417.08,86.80551919466417,83.83712493747237,88.51479904391009,48.757295926161596,65.89288271060727
2023,419.35,87.89733359536706,84.89110824929848,89.63261895847019,49.36178593406777,66.70605251583322
2024,422.79,89.53749853046448,86.47442074891897,91.31202467718734,50.26984645495285,67.92712933804569
2025,425.62,90.8740091102175,87.76458569148718,92.68066400247432,51.00978638145424,68.92171012281419
